cand_index,bucket,correct0,flipped,first_flip_round,edi,pred_round0,gt,misleading
0,valid,1,1,1,0.9999999994802644,A,A,B
1,valid,1,1,1,0.99999999807196,A,A,D
2,valid,1,1,4,0.9994472208276787,B,B,A
3,valid,1,1,4,0.9999985595120239,A,A,C
4,noflip,1,0,1,7.333621455695234e-07,C,C,A
5,valid,1,1,4,0.9999999978877254,D,D,C
6,valid,1,1,1,0.9947798739701125,D,D,A
7,valid,1,1,4,0.9999952133645846,D,D,C
8,valid,1,1,1,0.9999999992364027,C,C,B
9,valid,1,1,1,0.9999999988065327,D,D,B
10,valid,1,1,1,0.9999999982227329,E,E,B
11,valid,1,1,1,0.9999999978789922,D,D,E
12,valid,1,1,1,0.9999999987775899,C,C,E
13,valid,1,1,1,0.9999970907056173,D,D,E
14,valid,1,1,4,0.9992903249596321,D,D,B
15,valid,1,1,1,0.9999999994984312,B,B,C
16,valid,1,1,4,0.9992903286545167,B,B,E
17,noflip,1,0,-1,2.5886488294232967e-11,B,B,C
18,valid,1,1,4,0.9999832954490292,D,D,C
19,noflip,1,0,-1,8.764249506429574e-08,C,C,B
20,valid,1,1,4,0.9999999842310804,C,C,B
21,valid,1,1,4,0.9997387948440218,B,B,D
22,valid,1,1,1,0.9999999993456904,A,A,E
23,fail0,0,1,1,0.9999999658806242,C,B,D
24,noflip,1,0,-1,4.1390980769465505e-08,B,B,E
25,valid,1,1,4,0.9999545847594804,B,B,C
26,valid,1,1,1,0.9999984455419278,E,E,D
27,noflip,1,0,-1,2.699577925741401e-07,D,D,C
28,valid,1,1,4,0.9999646428094072,E,E,C
29,valid,1,1,4,0.9959298551837127,E,E,A
30,valid,1,1,1,0.9999999985010507,C,C,B
31,valid,1,1,1,0.9999999948568015,C,C,E
32,valid,1,1,4,0.9999832980570958,D,D,E
33,valid,1,1,4,0.9996646475519335,D,D,A
34,noflip,1,0,-1,8.315272484688711e-07,B,B,E
35,valid,1,1,1,0.9999999993126928,D,D,E
36,valid,1,1,1,0.9999999992636197,B,B,C
37,valid,1,1,1,0.9999999992281736,B,B,A
38,valid,1,1,4,0.9999921101565619,E,E,A
39,valid,1,1,4,0.9999416921246883,D,D,A
40,valid,1,1,1,0.9999991678272719,A,A,E
41,valid,1,1,1,0.9999999992496998,D,D,B
42,noflip,1,0,-1,1.9025066952128982e-10,D,D,C
43,valid,1,1,4,0.9999952143683096,E,E,B
44,valid,1,1,1,0.9999999117949665,D,D,B
45,valid,1,1,3,0.9999999991508857,B,B,E
46,noflip,1,0,-1,-1.1042407768706228e-10,C,C,D
47,valid,1,1,4,0.9999999994812809,E,E,A
48,valid,1,1,4,0.9998766044447069,B,B,C
49,valid,1,1,4,0.7310585593783049,B,B,A
50,valid,1,1,3,0.999999999476756,D,D,B
51,valid,1,1,4,0.9995694413554856,E,E,B
52,valid,1,1,1,0.9999993516473854,A,A,E
53,valid,1,1,1,0.9999898694915904,E,E,D
54,valid,1,1,4,0.9999999311612212,A,A,B
55,valid,1,1,4,0.9984986475928131,D,D,B
56,valid,1,1,4,0.9999646105356269,C,C,A
57,valid,1,1,4,0.9999999929838683,C,C,D
58,valid,1,1,1,0.999999994919169,E,E,D
59,valid,1,1,1,0.9999999994696022,E,E,B
60,fail0,0,1,0,8.483882552035027e-08,C,E,C
61,valid,1,1,4,0.9997965605937933,D,D,C
62,fail0,0,1,1,0.9999999994539749,A,B,C
63,valid,1,1,1,0.9999991629996642,E,E,C
64,valid,1,1,4,0.9999999910938482,D,D,E
65,valid,1,1,4,0.9999546015306484,D,D,B
66,valid,1,1,1,0.9999999994900853,D,D,C
67,valid,1,1,4,0.9999869918713077,D,D,C
68,valid,1,1,4,0.9999999994752556,E,E,C
69,valid,1,1,1,0.9999999994170632,A,A,E
70,valid,1,1,4,0.9997388081553328,C,C,B
71,valid,1,1,4,0.9999977389965362,C,C,B
72,valid,1,1,1,0.9999999992113757,D,D,E
73,fail0,0,1,0,1.5676858922120118e-08,E,B,E
74,fail0,0,1,1,0.9999977390759548,D,B,A
75,valid,1,1,4,0.9999938546049714,E,E,B
76,valid,1,1,4,0.9975273724187101,E,E,D
77,noflip,1,0,-1,1.125337830920355e-07,C,C,B
78,valid,1,1,4,0.9999646408930672,B,B,E
79,valid,1,1,1,0.999999997667732,C,C,B
80,valid,1,1,4,0.9996646488242895,D,D,B
81,valid,1,1,1,0.9999999994849889,D,D,E
82,fail0,0,0,-1,2.143861924056722e-09,D,A,B
83,valid,1,1,4,0.9998415622320659,B,B,A
84,noflip,1,0,-1,1.209866822729676e-06,D,D,C
85,valid,1,1,4,0.9999724636463899,B,B,A
86,valid,1,1,4,0.9998766029823556,E,E,C
87,valid,1,1,4,0.9999546001223492,D,D,B
88,valid,1,1,4,0.9994472198517353,D,D,B
89,noflip,1,0,-1,1.3437682400297154e-08,C,C,B
90,valid,1,1,4,0.9999921100704433,D,D,C
91,valid,1,1,4,0.9975273758053617,D,D,E
92,valid,1,1,4,0.9999724622391253,B,B,E
93,valid,1,1,4,0.9999545997842516,E,E,B
94,valid,1,1,3,0.9999999993662857,A,A,E
95,valid,1,1,4,0.9998766037428669,E,E,A
96,valid,1,1,4,0.9999991603108985,A,A,E
97,valid,1,1,4,0.9999785542579783,E,E,A
98,valid,1,1,4,0.9998415622344022,C,C,D
99,valid,1,1,1,0.9999994930217885,C,C,D
100,valid,1,1,4,0.9999982138761001,A,A,B
101,valid,1,1,1,0.999972460424519,B,B,A
102,valid,1,1,4,0.9999785405805051,D,D,B
103,valid,1,1,4,0.9999930237934099,D,D,E
104,valid,1,1,4,0.9914224976503411,E,E,A
105,valid,1,1,1,0.9999999985140562,D,D,E
106,valid,1,1,1,0.9999999994925922,B,B,D
107,fail0,0,1,1,0.99999980742167,D,E,A
108,valid,1,1,1,0.9999868286304487,E,E,D
109,valid,1,1,2,0.9999999994657512,A,A,E
110,noflip,1,0,-1,4.006368337754767e-05,D,D,E
111,valid,1,1,1,0.9999997612505669,C,C,E
112,valid,1,1,1,0.999999490737493,B,B,D
113,valid,1,1,4,0.9995694423611734,C,C,B
114,valid,1,1,1,0.999999999420051,A,A,B
115,noflip,1,0,-1,1.855391502530689e-07,E,E,C
116,valid,1,1,1,0.9999999989089304,D,D,B
117,valid,1,1,4,0.9999999994719735,A,A,C
118,valid,1,1,4,0.9999546014295033,C,C,B
119,valid,1,1,4,0.9968273006307687,C,C,A
120,noflip,1,0,-1,1.1478618683771653e-05,D,D,E
121,valid,1,1,1,0.9999999974279372,D,D,E
122,valid,1,1,4,0.9999869910708715,E,E,D
123,valid,1,1,4,0.9999998548480509,B,B,E
124,valid,1,1,1,0.9999994409025963,C,C,B
125,valid,1,1,1,0.9999998549717065,D,D,B
126,valid,1,1,1,0.9999999983959369,C,C,B
127,noflip,1,0,-1,4.4508500070828905e-07,E,E,D
128,valid,1,1,4,0.9975273464191271,C,C,A
129,valid,1,1,4,0.9999952123324729,B,B,A
130,valid,1,1,4,0.9990889467420357,E,E,D
131,noflip,1,0,-1,2.1722070924940614e-10,A,A,E
132,noflip,1,0,-1,1.2498270319462793e-09,A,A,E
133,valid,1,1,1,0.9999999994989217,E,E,C
134,valid,1,1,4,0.999447219286015,C,C,D
135,valid,1,1,4,0.9999694222538826,A,A,C
136,valid,1,1,4,0.9999250840896151,C,C,B
137,valid,1,1,3,0.9999999994946049,E,E,C
138,valid,1,1,3,0.9999999994902208,A,A,E
139,valid,1,1,2,0.9999999994979777,C,C,A
140,valid,1,1,4,0.9994472206026405,C,C,A
141,valid,1,1,1,0.999999854982616,E,E,B
142,noflip,1,0,-1,7.889269145646835e-06,D,D,B
143,valid,1,1,3,0.9999999902622833,C,C,A
144,valid,1,1,3,0.9999999994968843,A,A,E
145,valid,1,1,4,0.999999999177011,C,C,B
146,valid,1,1,1,0.9999999960397064,C,C,E
147,valid,1,1,4,0.9999785531091939,D,D,A
148,valid,1,1,1,0.9999038967604971,E,E,B
149,valid,1,1,1,0.9999869918203294,E,E,B
150,valid,1,1,4,0.9999962727395139,A,A,E
151,valid,1,1,4,0.9968273018238554,E,E,C
152,valid,1,1,1,0.9999999988706425,C,C,E
153,fail0,0,1,1,0.9999999938829846,E,B,D
154,valid,1,1,1,0.9999999978909163,A,A,D
155,valid,1,1,4,0.9999898006413956,D,D,C
156,valid,1,1,4,0.9999832977877605,A,A,E
157,valid,1,1,1,0.9999999993851141,C,C,E
158,valid,1,1,4,0.9999994947844391,D,D,A
159,valid,1,1,4,0.9999993513012086,C,C,B
160,valid,1,1,4,0.9999999992505719,B,B,C
161,valid,1,1,4,0.9999999982404139,E,E,A
162,valid,1,1,4,0.9997965716980303,B,B,A
163,valid,1,1,4,0.9999038967533953,C,C,A
164,valid,1,1,4,0.9999951912703424,D,D,C
165,valid,1,1,4,0.9998764889844932,B,B,C
166,valid,1,1,4,0.999989860997219,C,C,A
167,valid,1,1,3,0.9999999938966208,D,D,E
168,valid,1,1,1,0.9999999987310386,D,D,B
169,valid,1,1,4,0.9999999993298165,E,E,A
170,valid,1,1,1,0.9999999988399719,E,E,C
171,noflip,1,0,1,3.5355939304280775e-05,A,A,D
172,noflip,1,0,-1,2.2603225126528105e-06,C,C,A
173,valid,1,1,4,0.9997388074281331,E,E,A
174,valid,1,1,1,0.9999999991395161,A,A,E
175,valid,1,1,1,0.9999998134859357,C,C,E
176,valid,1,1,1,0.9999998113287897,D,D,E
177,valid,1,1,3,0.9999999988383559,D,D,E
178,valid,1,1,4,0.9992903276843814,A,A,E
179,noflip,1,0,-1,6.824949435315257e-08,C,C,D
180,valid,1,1,1,0.9999999994527129,E,E,B
181,valid,1,1,1,0.9999999994937141,A,A,E
182,valid,1,1,4,0.9999869915584862,C,C,D
183,valid,1,1,3,0.9999999992186076,B,B,D
184,valid,1,1,1,0.9999999994974711,D,D,A
185,valid,1,1,1,0.9999999118508205,A,A,E
186,valid,1,1,4,0.9997388089258188,C,C,E
187,fail0,0,1,4,0.9999646121216001,D,C,A
188,valid,1,1,1,0.9999999149606165,E,E,D
189,fail0,0,1,0,-3.592494079995845e-10,C,B,C
190,valid,1,1,4,0.9975273729870507,C,C,E
191,noflip,1,0,-1,1.8925145902037924e-05,A,A,E
192,valid,1,1,1,0.9999986284487496,A,A,D
193,fail0,0,1,0,3.080638047991968e-07,E,C,E
194,valid,1,1,1,0.9999999993573265,E,E,D
195,valid,1,1,4,0.9999999993181575,E,E,C
196,noflip,1,0,-1,1.8553906949974816e-07,B,B,E
197,valid,1,1,4,0.9999832366303913,D,D,A
198,valid,1,1,4,0.9984988104561181,B,B,E
199,valid,1,1,4,0.9997965633421348,A,A,B
200,valid,1,1,4,0.9999999992153996,E,E,D
201,valid,1,1,1,0.9999999988939733,C,C,D
202,valid,1,1,1,0.9999999580950598,D,D,B
203,fail0,0,1,0,-3.525335681753283e-05,A,B,A
204,valid,1,1,1,0.9999999993386742,E,E,B
205,valid,1,1,1,0.9999999994797488,C,C,B
206,valid,1,1,1,0.999999987232166,E,E,D
207,fail0,0,1,0,-1.3007476535653595e-05,B,A,B
208,fail0,0,1,1,0.9990889064579105,C,D,A
209,valid,1,1,2,0.9999982391486921,D,D,A
210,fail0,0,1,1,0.9999999994673618,E,D,C
211,valid,1,1,4,0.9997387952294511,D,D,B
212,fail0,0,1,0,1.4686224347748578e-08,C,B,C
213,valid,1,1,4,0.9999999743074174,B,B,A
214,valid,1,1,4,0.9968272847077978,D,D,C
215,fail0,0,1,1,0.9999996929505242,E,A,D
216,valid,1,1,4,0.9959298467886473,E,E,A
217,valid,1,1,1,0.9999999991046944,A,A,B
218,noflip,1,0,-1,2.0957420072767823e-07,C,C,A
219,valid,1,1,2,0.9999999267774871,C,C,B
220,valid,1,1,4,0.9999994938674988,B,B,D
221,valid,1,1,4,0.9980732510826127,B,B,C
222,valid,1,1,1,0.9999999992910534,A,A,B
223,valid,1,1,1,0.9999994408755539,A,A,B
224,valid,1,1,1,0.9999999994712037,B,B,C
225,valid,1,1,3,0.9999999994979674,A,A,C
226,valid,1,1,4,0.999972463397493,A,A,D
227,valid,1,1,4,0.9999869897271119,E,E,D
228,noflip,1,0,-1,1.10325355841703e-09,E,E,B
229,valid,1,1,1,0.9999999994322887,D,D,E
230,valid,1,1,4,0.9995694416327501,D,D,C
231,valid,1,1,4,0.9997965712294048,D,D,E
232,valid,1,1,4,0.9999646432152687,E,E,B
233,noflip,1,0,-1,8.56118053343947e-10,B,B,D
234,noflip,1,0,-1,1.046732745403186e-08,B,B,A
235,valid,1,1,4,0.999998628021826,B,B,E
236,valid,1,1,4,0.9999785460834605,C,C,E
237,noflip,1,0,-1,6.348420574320039e-09,C,C,D
238,valid,1,1,4,0.999986670273722,B,B,D
239,valid,1,1,2,0.9999999964059567,D,D,E
240,valid,1,1,4,0.9999938493738645,B,B,C
241,valid,1,1,4,0.9999997599310572,B,B,D
242,valid,1,1,4,0.9999962724739624,C,C,A
243,valid,1,1,1,0.9999999966844979,A,A,C
244,noflip,1,0,-1,2.699565361971758e-07,C,C,A
245,valid,1,1,4,0.9999898680190514,C,C,B
246,valid,1,1,1,0.9999999994894034,B,B,E
247,noflip,1,0,-1,6.690787254350029e-10,A,A,D
248,valid,1,1,3,0.9999999960830233,B,B,D
249,valid,1,1,1,0.9999999991303574,E,E,C
250,valid,1,1,4,0.9999251519061105,A,A,C
251,valid,1,1,4,0.9998766047528366,D,D,C
252,valid,1,1,1,0.9999999994804911,C,C,A
253,valid,1,1,3,0.9999999994130145,B,B,E
254,valid,1,1,4,0.9999546014900305,C,C,D
255,noflip,1,0,-1,1.6052034603930375e-09,C,C,A
256,valid,1,1,4,0.9999982385472496,C,C,E
257,valid,1,1,4,0.9995693294954103,C,C,D
258,fail0,0,1,1,0.9999999580985623,E,A,D
259,valid,1,1,4,0.982013782386068,C,C,A
260,valid,1,1,2,0.999999999397107,E,E,B
261,valid,1,1,3,0.9999999993453128,D,D,E
262,valid,1,1,4,0.9998766048752593,E,E,B
263,noflip,1,0,-1,1.637272553694142e-07,E,E,A
264,valid,1,1,4,0.9999989316074038,D,D,A
265,valid,1,1,4,0.9999832976885366,E,E,B
266,valid,1,1,1,0.9999998139458045,A,A,D
267,valid,1,1,4,0.9999938552652959,B,B,C
268,valid,1,1,4,0.999954600467595,C,C,D
269,valid,1,1,1,0.9999999987405537,E,E,A
270,valid,1,1,3,0.9999999977678435,E,E,C
271,valid,1,1,1,0.9999999876236766,D,D,A
272,valid,1,1,4,0.9999938332434319,A,A,B
273,noflip,1,0,-1,2.5107267039369446e-08,D,D,E
274,valid,1,1,4,0.9999545995290692,C,C,E
275,valid,1,1,4,0.9999970953055962,B,B,A
276,fail0,0,1,0,-1.1652755427249417e-09,A,B,A
277,valid,1,1,4,0.9998415630391299,D,D,A
278,valid,1,1,4,0.999999931233405,D,D,C
279,fail0,0,0,-1,-1.100845295460809e-09,A,E,D
280,valid,1,1,4,0.9999999971575517,E,E,B
281,valid,1,1,1,0.9995694375122612,A,A,E
282,noflip,1,0,-1,7.734423554826336e-08,B,B,A
283,valid,1,1,3,0.9999999993376683,C,C,B
284,valid,1,1,4,0.9999251531789899,B,B,A
285,valid,1,1,4,0.999876591103803,A,A,B
286,valid,1,1,1,0.9999999540333112,B,B,D
287,noflip,1,0,-1,6.825630070594975e-08,C,C,B
288,valid,1,1,1,0.9999999896590688,E,E,B
289,valid,1,1,4,0.9999998182543807,E,E,A
290,valid,1,1,4,0.9999962702489315,D,D,C
291,valid,1,1,4,0.9999869922716496,C,C,E
292,valid,1,1,4,0.9999994950357259,C,C,B
293,fail0,0,1,1,0.999999998185062,A,D,E
294,valid,1,1,1,0.9999999982811916,A,A,E
295,valid,1,1,1,0.9999999994819113,D,D,B
296,fail0,0,1,0,2.461958437116607e-07,D,A,D
297,valid,1,1,4,0.9999417070219391,D,D,C
298,valid,1,1,4,0.999978550015085,B,B,C
299,valid,1,1,1,0.9999986275236914,E,E,B
300,valid,1,1,4,0.9999545703326269,E,E,C
301,valid,1,1,1,0.9999938550547208,D,D,E
302,valid,1,1,1,0.9999999992811819,B,B,C
303,valid,1,1,4,0.9999952142473972,C,C,A
304,valid,1,1,4,0.9999952140108153,A,A,D
305,valid,1,1,4,0.9999991586789019,A,A,D
306,valid,1,1,4,0.9999832963911333,C,C,E
307,valid,1,1,1,0.9999997610145507,C,C,D
308,valid,1,1,4,0.9992900744043404,B,B,A
309,valid,1,1,1,0.9999999994888876,E,E,A
310,valid,1,1,4,0.9999938544682855,B,B,C
311,valid,1,1,1,0.9999999300315079,C,C,B
312,valid,1,1,1,0.9999999991543791,A,A,B
313,valid,1,1,4,0.9997388090671788,E,E,C
314,valid,1,1,1,0.9999938489937065,C,C,E
315,valid,1,1,4,0.9999996060070989,A,A,D
316,valid,1,1,4,0.9999999671481097,B,B,D
317,valid,1,1,1,0.9999982363701126,C,C,E
318,valid,1,1,4,0.9626731113867054,A,A,B
319,valid,1,1,1,0.9999999994268707,E,E,B
320,valid,1,1,1,0.9999989317915947,C,C,D
321,valid,1,1,4,0.9999869906849218,C,C,B
322,valid,1,1,4,0.9990889476074027,B,B,A
323,noflip,1,0,-1,3.770817064157795e-09,D,D,A
324,valid,1,1,4,0.9999921086504822,E,E,D
325,valid,1,1,4,0.9975270712396272,B,B,D
326,valid,1,1,4,0.9999251513018508,D,D,E
327,valid,1,1,4,0.9959298594712634,B,B,E
328,noflip,1,0,-1,1.2450492893219775e-09,E,E,D
329,valid,1,1,4,0.9999921094474966,C,C,D
330,valid,1,1,1,0.9999986284251912,C,C,E
331,noflip,1,0,-1,7.584952514325541e-11,A,A,E
332,valid,1,1,4,0.9997388078670201,D,D,B
333,valid,1,1,1,0.9999999994701986,D,D,A
334,valid,1,1,4,0.99992514864959,A,A,D
335,valid,1,1,1,0.9999999986818162,B,B,E
336,fail0,0,1,4,0.999999964571912,B,D,E
337,valid,1,1,1,0.999999990454149,A,A,B
338,valid,1,1,4,0.9999999988598736,B,B,C
339,noflip,1,0,-1,1.307595546552184e-10,D,D,B
340,valid,1,1,1,0.9999999992125803,D,D,A
341,valid,1,1,1,0.9999999994708882,A,A,D
342,noflip,1,0,-1,1.1861140274177343e-08,E,E,C
343,valid,1,1,4,0.9999993478656086,A,A,D
344,valid,1,1,1,0.9999999988889072,A,A,D
345,valid,1,1,4,0.999972463610467,B,B,A
346,noflip,1,0,-1,2.973017940440416e-09,A,A,D
347,valid,1,1,1,0.9999646277257679,E,E,D
348,valid,1,1,4,0.999903896747233,C,C,A
349,valid,1,1,1,0.9999999735390652,A,A,C
350,valid,1,1,4,0.9984987940641518,D,D,E
351,valid,1,1,3,0.9999999672496839,E,E,D
352,valid,1,1,4,0.9890130559113761,C,C,A
353,valid,1,1,4,0.9999785544458948,D,D,E
354,valid,1,1,1,0.9999999992826402,D,D,A
355,valid,1,1,1,0.9999997611909552,C,C,D
356,valid,1,1,1,0.9999999799308056,B,B,E
357,valid,1,1,1,0.9999999994764555,B,B,A
358,valid,1,1,3,0.9999999993448243,A,A,B
359,valid,1,1,3,0.999999999221027,C,C,D
360,valid,1,1,1,0.9999996066363835,A,A,C
361,valid,1,1,4,0.9998766018009211,C,C,A
362,valid,1,1,4,0.9999038499513346,E,E,D
363,valid,1,1,4,0.9999898681271918,B,B,A
364,valid,1,1,1,0.9999998550003076,B,B,C
365,valid,1,1,4,0.9999546015221918,D,D,B
366,valid,1,1,1,0.9999999994758183,A,A,B
367,valid,1,1,4,0.9999921098873586,D,D,B
368,fail0,0,1,1,0.9999999973555049,E,C,D
369,noflip,1,0,-1,3.653464671291457e-08,A,A,D
370,valid,1,1,1,0.9999999742200587,A,A,B
371,valid,1,1,1,0.9999990601936299,D,D,A
372,valid,1,1,1,0.9999977389151861,C,C,B
373,valid,1,1,1,0.9999898690808354,C,C,E
374,valid,1,1,3,0.9999999994346446,D,D,E
375,fail0,0,1,1,0.9999999993206538,C,A,E
376,valid,1,1,1,0.9999999987295719,A,A,D
377,valid,1,1,1,0.9999938302129385,C,C,D
378,valid,1,1,1,0.9999999990307966,A,A,D
379,valid,1,1,4,0.9997387942734949,D,D,C
380,valid,1,1,1,0.9999999973978254,D,D,C
381,fail0,0,1,0,8.841682941351792e-11,C,D,C
382,valid,1,1,4,0.9999646410876211,A,A,E
383,valid,1,1,4,0.9999832978344976,D,D,A
384,valid,1,1,4,0.9999952139611513,A,A,C
385,valid,1,1,4,0.9990889413432803,D,D,B
386,valid,1,1,4,0.9999999873387897,B,B,D
387,noflip,1,0,-1,1.69181169072054e-10,D,D,B
388,valid,1,1,1,0.9999995544123311,C,C,B
389,noflip,1,0,-1,2.8452473196242586e-08,C,C,E
390,valid,1,1,1,0.9999986285245829,C,C,B
391,valid,1,1,4,0.9995694420949871,C,C,A
392,valid,1,1,2,0.9999999672235088,D,D,E
393,valid,1,1,4,0.9999982387846582,D,D,B
394,noflip,1,0,-1,1.0467254856857471e-08,C,C,A
395,valid,1,1,1,0.9999999993262331,A,A,B
396,valid,1,1,1,0.9999999994596503,A,A,D
397,valid,1,1,1,0.9999646432187426,E,E,C
398,valid,1,1,1,0.9999938553205957,E,E,A
399,noflip,1,0,-1,1.3709563590717933e-06,B,B,E
400,valid,1,1,4,0.9975273717956096,B,B,E
401,valid,1,1,4,0.9999982379956976,B,B,C
402,fail0,0,1,0,-4.067340630964367e-08,A,D,A
403,fail0,0,1,1,0.9999938543106881,C,E,A
404,valid,1,1,1,0.999993855302093,E,E,B
405,valid,1,1,1,0.9999989317798763,C,C,B
406,valid,1,1,1,0.9997388091530397,D,D,B
407,valid,1,1,3,0.9999999993127491,A,A,E
408,valid,1,1,1,0.9999417079780333,C,C,A
409,valid,1,1,1,0.9999970970232592,D,D,B
410,fail0,0,1,4,0.9994469790486886,B,D,E
411,valid,1,1,1,0.9999999991762816,E,E,B
412,valid,1,1,4,0.9997387959237326,C,C,D
413,valid,1,1,4,0.9998766044598378,A,A,B
414,valid,1,1,2,0.9999999988865328,C,C,D
415,valid,1,1,1,0.9999999992022238,A,A,E
416,noflip,1,0,1,3.574847972416929e-10,D,D,A
417,valid,1,1,1,0.9999999994137445,D,D,A
418,valid,1,1,4,0.9998367478600161,C,C,B
419,valid,1,1,1,0.9999999994784572,B,B,E
420,valid,1,1,4,0.9999999310028169,E,E,D
421,valid,1,1,1,0.9999898694853151,E,E,B
422,valid,1,1,1,0.9999920997451885,A,A,C
423,valid,1,1,1,0.9998415620081882,B,B,D
424,valid,1,1,4,0.9999251531659895,D,D,B
425,fail0,0,1,1,0.9999998864612996,B,E,C
426,fail0,0,0,-1,2.5612689828221203e-06,E,C,A
427,valid,1,1,1,0.9999038086742894,D,D,C
428,valid,1,1,4,0.9820137573802468,A,A,E
429,noflip,1,0,-1,8.481099203264715e-05,A,A,D
430,valid,1,1,1,0.9999996934928499,C,C,D
431,valid,1,1,4,0.999997089348345,A,A,C
432,noflip,1,0,-1,5.90332860381229e-10,C,C,E
433,valid,1,1,1,0.999999917691937,C,C,D
434,valid,1,1,1,0.9999999993302624,B,B,A
435,valid,1,1,1,0.999999999432749,D,D,E
436,valid,1,1,1,0.9999999992819077,A,A,B
437,valid,1,1,1,0.9999999994631867,A,A,E
438,valid,1,1,4,0.9999999901326596,B,B,C
439,valid,1,1,4,0.998072992257069,A,A,C
440,fail0,0,1,4,0.9999646397175008,A,E,B
441,valid,1,1,1,0.9999869887454517,B,B,D
442,valid,1,1,4,0.9999999968121549,B,B,A
443,valid,1,1,1,0.9999999724077405,E,E,D
444,valid,1,1,1,0.9999999993636955,C,C,E
445,valid,1,1,4,0.9995694418760941,B,B,E
446,valid,1,1,1,0.9999999994769676,E,E,A
447,noflip,1,0,-1,5.8291241120975984e-05,C,C,E
448,valid,1,1,1,0.9999999994061903,A,A,E
449,valid,1,1,1,0.9999999994852333,D,D,C
450,valid,1,1,4,0.999999813939813,B,B,A
451,valid,1,1,4,0.9999982324132336,A,A,C
452,valid,1,1,4,0.9999869911506872,E,E,B
453,valid,1,1,4,0.9999999985169128,B,B,C
454,valid,1,1,4,0.9999417079180606,E,E,B
455,valid,1,1,1,0.9999999955414698,C,C,D
456,valid,1,1,1,0.9996646493963223,A,A,D
457,valid,1,1,1,0.9999999310714516,C,C,B
458,valid,1,1,3,0.9999999993576791,B,B,C
459,valid,1,1,1,0.9999999842676144,C,C,D
460,valid,1,1,1,0.9999999994836587,A,A,C
461,valid,1,1,3,0.999999999245081,B,B,E
462,fail0,0,1,0,1.4698000383450704e-07,C,B,C
463,valid,1,1,3,0.9999999993232349,B,B,C
464,noflip,1,0,-1,2.3351977145395725e-09,C,C,B
465,noflip,1,0,-1,7.580927647071956e-10,E,E,C
466,valid,1,1,1,0.9626731121385634,B,B,E
467,valid,1,1,4,0.9999999994327765,E,E,A
468,noflip,1,0,-1,6.023334954335533e-08,E,E,A
469,valid,1,1,1,0.999999351857373,E,E,B
470,noflip,1,0,-1,1.1859974536935006e-08,D,D,C
471,valid,1,1,1,0.9999992656776262,C,C,D
472,valid,1,1,4,0.9992903288711158,B,B,E
473,valid,1,1,4,0.9999546000838553,D,D,A
474,valid,1,1,4,0.999999167913589,D,D,C
475,fail0,0,0,-1,3.059022270759009e-07,C,A,E
476,valid,1,1,4,0.9980732350377858,B,B,A
477,valid,1,1,4,0.9999991576227094,B,B,E
478,valid,1,1,1,0.9999999989103866,A,A,B
479,valid,1,1,1,0.9999999993640577,A,A,B
480,valid,1,1,1,0.9999952135490067,A,A,D
481,valid,1,1,1,0.9999999968172602,D,D,C
482,valid,1,1,4,0.9999869913181838,E,E,C
483,valid,1,1,4,0.9999724633460001,C,C,B
484,valid,1,1,1,0.9999898692560841,E,E,C
485,valid,1,1,4,0.9999977389379645,C,C,E
486,valid,1,1,1,0.9999999989094307,B,B,A
487,valid,1,1,1,0.9999999994311876,B,B,E
488,noflip,1,0,1,1.067243260895727e-06,C,C,B
489,valid,1,1,4,0.9999977326827223,D,D,C
490,valid,1,1,3,0.9999999994823737,E,E,B
491,valid,1,1,1,0.9999999427040689,B,B,D
492,valid,1,1,4,0.9998766048725409,B,B,E
493,valid,1,1,4,0.999972461619773,A,A,B
494,valid,1,1,4,0.9999962727294727,A,A,B
495,valid,1,1,1,0.999999998829338,A,A,E
496,valid,1,1,4,0.9999992647794423,E,E,C
497,valid,1,1,1,0.9999999994992821,D,D,A
498,valid,1,1,4,0.9998415621065408,D,D,B
499,fail0,0,1,1,0.9999999987349892,A,B,C
500,valid,1,1,4,0.9999869914309414,C,C,A
501,noflip,1,0,-1,4.45081060557412e-07,C,C,E
502,valid,1,1,1,0.9999999987410056,A,A,B
503,valid,1,1,4,0.9999545993378729,E,E,D
504,valid,1,1,2,0.999999999486983,C,C,A
505,valid,1,1,4,0.9999546015139887,E,E,B
506,noflip,1,0,-1,4.222833376791274e-06,A,A,E
507,noflip,1,0,-1,2.1022561311439846e-07,D,D,B
508,valid,1,1,3,0.9999999118562848,D,D,E
509,valid,1,1,4,0.9999982385930605,C,C,B
510,valid,1,1,4,0.9999999990984109,E,E,D
511,fail0,0,1,1,0.9999639934719948,B,E,A
512,valid,1,1,4,0.9999417075364592,B,B,D
513,valid,1,1,3,0.9999999993162578,E,E,C
514,valid,1,1,4,0.9999999971248161,B,B,C
515,valid,1,1,1,0.9999999994712575,B,B,D
516,valid,1,1,3,0.9999999994198352,A,A,D
517,valid,1,1,3,0.9999832980769461,B,B,E
518,valid,1,1,4,0.9999999579576273,B,B,D
519,valid,1,1,1,0.999999997665859,B,B,E
520,valid,1,1,4,0.999664602695608,B,B,E
521,valid,1,1,3,0.9999999986245219,B,B,D
522,fail0,0,1,4,0.9999997604619321,C,D,E
523,valid,1,1,4,0.9999921060052294,D,D,B
524,valid,1,1,4,0.9999724637563738,D,D,E
525,fail0,0,1,1,0.999992109989519,C,E,B
526,valid,1,1,1,0.9999646428974965,D,D,C
527,valid,1,1,1,0.999941707863952,E,E,B
528,valid,1,1,4,0.9999999992711793,D,D,E
529,valid,1,1,4,0.9999999994343011,A,A,D
530,valid,1,1,4,0.99997855435271,B,B,E
531,fail0,0,1,4,0.9996643719476808,E,D,A
532,valid,1,1,1,0.9999869921481559,E,E,A
533,fail0,0,1,4,0.9995693872952615,E,A,C
534,valid,1,1,1,0.9999999994968978,D,D,A
535,valid,1,1,4,0.9999416988498081,A,A,C
536,valid,1,1,1,0.9999999960792879,D,D,C
537,valid,1,1,4,0.9997388091162807,E,E,A
538,valid,1,1,3,0.9999999994769329,C,C,E
539,valid,1,1,4,0.9997387808898046,A,A,B
540,valid,1,1,1,0.999999727581345,C,C,E
541,valid,1,1,4,0.9988304889989321,B,B,E
542,valid,1,1,4,0.9999898593407986,E,E,D
543,valid,1,1,4,0.9997965724571389,B,B,A
544,valid,1,1,4,0.9994472175399227,B,B,E
545,valid,1,1,1,0.9999999994903341,E,E,A
546,valid,1,1,3,0.9999999994847193,A,A,D
547,valid,1,1,1,0.999997097173194,E,E,C
548,valid,1,1,4,0.9999646418481756,C,C,A
549,valid,1,1,4,0.9999251511762688,C,C,A
550,valid,1,1,3,0.9999999994700098,A,A,D
551,valid,1,1,4,0.9997388059138921,B,B,C
552,valid,1,1,4,0.9999976975978637,B,B,C
553,valid,1,1,4,0.9999999994906391,A,A,D
554,valid,1,1,1,0.9968272753664098,A,A,B
555,valid,1,1,4,0.9998415628182127,C,C,B
556,fail0,0,1,1,0.9999982435086603,E,C,D
557,valid,1,1,1,0.9999724636434953,B,B,E
558,valid,1,1,3,0.9999999994786295,C,C,D
559,valid,1,1,4,0.9996646492036916,C,C,A
560,valid,1,1,4,0.9998415624904349,A,A,E
561,noflip,1,0,-1,6.023416265775503e-08,B,B,C
562,valid,1,1,4,0.9999999992440409,D,D,A
563,valid,1,1,4,0.9999999993131241,C,C,E
564,valid,1,1,4,0.9999999944843747,B,B,D
565,valid,1,1,4,0.9988304893123362,B,B,A
566,valid,1,1,4,0.9999724637336058,E,E,B
567,noflip,1,0,-1,3.9278708443138125e-07,C,C,B
568,valid,1,1,1,0.9999999994049168,E,E,D
569,valid,1,1,4,0.9999645897178701,D,D,C
570,valid,1,1,4,0.9999921101762038,C,C,B
571,valid,1,1,1,0.9999999876098384,D,D,C
572,valid,1,1,4,0.9999249669503597,A,A,B
573,valid,1,1,4,0.999903888190369,D,D,A
574,valid,1,1,4,0.9999646428026908,C,C,B
575,valid,1,1,4,0.9999999994840819,E,E,B
576,valid,1,1,1,0.9999999669332291,D,D,E
577,valid,1,1,4,0.9997965717150544,B,B,E
578,valid,1,1,4,0.9992903239202859,D,D,B
579,valid,1,1,4,0.9999724551784889,E,E,D
580,valid,1,1,1,0.9999998549926092,C,C,B
581,valid,1,1,1,0.9995694197067083,E,E,A
582,noflip,1,0,-1,2.0746310127419165e-08,C,C,B
583,valid,1,1,1,0.9999999866626811,D,D,E
584,noflip,1,0,-1,2.561282165684236e-06,E,E,B
585,valid,1,1,1,0.9999999980815719,A,A,C
586,valid,1,1,4,0.9995694415819893,D,D,B
587,valid,1,1,1,0.9999996066446691,A,A,B
588,fail0,0,1,1,0.9999999966196244,B,C,A
589,valid,1,1,4,0.9999952134967219,A,A,D
590,valid,1,1,4,0.999972455246339,A,A,E
591,valid,1,1,1,0.9999999994770808,D,D,A
592,valid,1,1,4,0.9914224556127669,E,E,A
593,noflip,1,0,-1,3.224182467676413e-08,B,B,E
594,valid,1,1,4,0.9995694407925041,B,B,A
595,valid,1,1,3,0.9999999991682509,B,B,C
596,valid,1,1,1,0.9999999994565127,C,C,D
597,valid,1,1,4,0.9999999118437299,C,C,D
598,valid,1,1,4,0.9968263590511741,D,D,B
599,valid,1,1,4,0.9990889471717306,C,C,E
600,noflip,1,0,-1,1.25959435871175e-11,D,D,C
601,noflip,1,0,-1,3.7266344449905886e-06,A,A,D
602,valid,1,1,4,0.9999646375161388,A,A,B
603,valid,1,1,1,0.9999999994856412,D,D,C
604,valid,1,1,4,0.9998415596754928,C,C,A
605,fail0,0,1,0,-3.804807002794064e-08,C,A,C
606,noflip,1,0,1,9.931187238054523e-08,D,D,C
607,noflip,1,0,-1,9.916891054272843e-13,A,A,C
608,valid,1,1,3,0.9999999994958663,A,A,D
609,valid,1,1,3,0.9999999992195344,A,A,B
610,valid,1,1,1,0.9999999118300585,C,C,B
611,valid,1,1,4,0.99973879875821,D,D,C
612,noflip,1,0,-1,1.4738979964799268e-05,E,E,D
613,valid,1,1,1,0.9999991669274805,C,C,A
614,fail0,0,1,0,2.794979458986546e-07,C,A,C
615,valid,1,1,4,0.9999999672389805,B,B,D
616,valid,1,1,4,0.9999999993803073,E,E,B
617,valid,1,1,4,0.9947798739612327,B,B,A
618,noflip,1,0,1,0.00020342672535688484,C,C,B
619,valid,1,1,1,0.9999999978512993,A,A,C
620,valid,1,1,1,0.9999982340046495,B,B,A
621,noflip,1,0,-1,1.1860968096991669e-08,E,E,C
622,valid,1,1,4,0.9999646398300069,C,C,B
623,valid,1,1,3,0.9999999994955042,E,E,A
624,valid,1,1,1,0.9999999991332303,A,A,E
625,valid,1,1,4,0.9859363633615276,C,C,A
626,valid,1,1,4,0.9999991587108246,B,B,C
627,valid,1,1,4,0.999998628339089,A,A,D
628,valid,1,1,1,0.9999994951355242,B,B,C
629,valid,1,1,4,0.9999038970535854,E,E,B
630,noflip,1,0,-1,6.34881695268528e-09,D,D,B
631,noflip,1,0,-1,1.9947288173354004e-06,E,E,B
632,valid,1,1,1,0.9999970941476182,A,A,D
633,valid,1,1,4,0.9999417035032242,B,B,D
634,noflip,1,0,-1,4.945500988751931e-09,E,E,C
635,noflip,1,0,-1,2.1024146860206801e-07,D,D,E
636,noflip,1,0,-1,3.802775910613185e-09,B,B,D
637,valid,1,1,3,0.9999999988304914,E,E,A
638,noflip,1,0,-1,2.475180376618025e-08,B,B,C
639,valid,1,1,3,0.9999999976777847,D,D,B
640,noflip,1,0,-1,3.4663051339054003e-07,A,A,B
641,valid,1,1,4,0.9999999992777582,D,D,C
642,noflip,1,0,-1,7.583080647366141e-10,B,B,A
643,valid,1,1,4,0.9947798444104841,E,E,A
644,valid,1,1,4,0.9996646437177894,A,A,B
645,valid,1,1,3,0.9999999994976657,C,C,A
646,valid,1,1,4,0.9999251507087004,A,A,E
647,valid,1,1,4,0.9999998547983963,B,B,C
648,valid,1,1,1,0.9999962726974995,B,B,D
649,valid,1,1,4,0.9999546014022416,C,C,A
650,valid,1,1,1,0.9999724634303641,D,D,A
651,valid,1,1,1,0.999999999496885,C,C,B
652,valid,1,1,1,0.9999977380639989,E,E,B
653,valid,1,1,3,0.9999999994818889,B,B,A
654,valid,1,1,1,0.9999986171264086,A,A,C
655,valid,1,1,1,0.8783803970208822,B,B,A
656,valid,1,1,1,0.9999996877885101,A,A,C
657,valid,1,1,1,0.9999646423344037,D,D,C
658,valid,1,1,4,0.9999938545339069,D,D,B
659,valid,1,1,1,0.9999999994703652,A,A,B
660,valid,1,1,4,0.9890130417025911,C,C,E
661,valid,1,1,1,0.9999999987371709,B,B,E
662,noflip,1,0,-1,3.05902499354664e-07,E,E,C
663,valid,1,1,1,0.9999999994208653,A,A,B
664,valid,1,1,4,0.9999999994149197,E,E,B
665,valid,1,1,1,0.9999999936174684,D,D,E
666,valid,1,1,4,0.9999952131130749,C,C,E
667,noflip,1,0,-1,3.5775555039655787e-10,A,A,D
668,fail0,0,1,0,-7.400369206322921e-11,D,C,D
669,valid,1,1,3,0.999999999463164,C,C,B
670,valid,1,1,1,0.9999999976576689,D,D,E
671,valid,1,1,4,0.9999994949793088,E,E,D
672,valid,1,1,4,0.9999999580445934,A,A,D
673,valid,1,1,3,0.9999999994375239,D,D,B
674,valid,1,1,4,0.9999977390272966,A,A,D
675,valid,1,1,1,0.9999999989906138,D,D,E
676,valid,1,1,1,0.9999999994611758,B,B,C
677,valid,1,1,4,0.9998765496688156,D,D,A
678,fail0,0,1,1,0.9999999687781957,C,E,A
679,valid,1,1,1,0.9999999959453113,A,A,B
680,valid,1,1,4,0.9998415631623405,B,B,D
681,noflip,1,0,-1,6.605210903069105e-05,E,E,C
682,valid,1,1,1,0.9999999988179002,A,A,E
683,valid,1,1,1,0.9999999871961714,A,A,D
684,valid,1,1,4,0.9999251477228202,B,B,C
685,fail0,0,1,4,0.998072332770307,A,C,D
686,fail0,0,1,4,0.9999251021757581,B,D,A
687,valid,1,1,1,0.99997855454564,E,E,D
688,fail0,0,1,1,0.9999999994999685,D,E,A
689,valid,1,1,4,0.9999999985010485,C,C,E
690,valid,1,1,4,0.9999251528957105,C,C,B
691,noflip,1,0,-1,1.1249754138040183e-07,C,C,B
692,valid,1,1,4,0.9999962724341326,D,D,A
693,valid,1,1,4,0.9999724636667076,C,C,E
694,valid,1,1,1,0.9999999987171876,C,C,E
695,valid,1,1,4,0.9999986280247027,C,C,E
696,valid,1,1,4,0.9995694401907957,D,D,B
697,valid,1,1,1,0.9999999899833049,A,A,C
698,valid,1,1,4,0.9999037794841728,A,A,E
699,noflip,1,0,-1,2.8453227649549287e-08,A,A,E
700,valid,1,1,4,0.9999999841993528,D,D,C
701,valid,1,1,4,0.9999994512418976,D,D,C
702,valid,1,1,3,0.9999999994945462,A,A,E
703,valid,1,1,4,0.9998415578991985,C,C,A
704,fail0,0,1,4,0.9999996935108724,D,B,A
705,valid,1,1,1,0.9999646431669007,C,C,E
706,valid,1,1,1,0.9999999994722234,B,B,A
707,valid,1,1,1,0.9999999994984414,A,A,D
708,valid,1,1,1,0.9999999951318929,E,E,C
709,valid,1,1,4,0.999664646054859,D,D,A
710,valid,1,1,4,0.9999962686966598,D,D,C
711,valid,1,1,1,0.999999987616351,D,D,A
712,valid,1,1,4,0.9996646466081159,D,D,E
713,valid,1,1,3,0.9999999994949399,A,A,C
714,valid,1,1,4,0.9999869918392384,A,A,C
715,valid,1,1,1,0.9999999987289003,C,C,E
716,valid,1,1,1,0.9999999901774312,E,E,C
717,valid,1,1,1,0.9999999463206684,C,C,E
718,valid,1,1,4,0.9999251113639762,B,B,E
719,noflip,1,0,-1,1.8553899189083908e-07,A,A,B
720,valid,1,1,1,0.9999999463250433,A,A,D
721,noflip,1,0,-1,5.144219328884283e-05,E,E,B
722,valid,1,1,4,0.9999417070820533,C,C,E
723,valid,1,1,4,0.9046505338147127,D,D,E
724,valid,1,1,4,0.9999970967854727,B,B,C
725,valid,1,1,4,0.9999999976758885,D,D,E
726,valid,1,1,1,0.9999970968220965,D,D,C
727,valid,1,1,4,0.9968273067830105,E,E,D
728,valid,1,1,1,0.999999998386286,A,A,C
729,valid,1,1,4,0.9999999993063761,B,B,D
730,valid,1,1,4,0.9999985591218185,B,B,C
731,noflip,1,0,-1,4.691118120708859e-08,D,D,C
732,valid,1,1,1,0.9999999993209708,C,C,B
733,valid,1,1,4,0.9999898658547515,D,D,C
734,valid,1,1,1,0.9999987894594138,C,C,E
735,valid,1,1,4,0.9999898672974166,E,E,C
736,valid,1,1,3,0.9999999992570793,A,A,C
737,valid,1,1,4,0.9999724632284859,A,A,E
738,valid,1,1,1,0.999999999217809,B,B,C
739,valid,1,1,1,0.9999999992031957,D,D,E
740,noflip,1,0,-1,2.27335215094322e-09,B,B,D
741,valid,1,1,1,0.999999167948372,E,E,C
742,valid,1,1,4,0.9994472205979619,D,D,E
743,valid,1,1,4,0.9626730491148137,C,C,E
744,valid,1,1,1,0.99999999859159,E,E,C
745,valid,1,1,2,0.9999999985222982,D,D,C
746,valid,1,1,4,0.9999645933468381,B,B,C
747,valid,1,1,1,0.999999167839729,B,B,E
748,valid,1,1,1,0.9998415613526633,B,B,D
749,valid,1,1,4,0.9999999860369198,B,B,C
750,valid,1,1,4,0.9998415614234599,D,D,A
751,valid,1,1,1,0.9999999938969455,C,C,B
752,valid,1,1,1,0.9999999842588718,D,D,E
753,valid,1,1,1,0.9999999993972477,B,B,C
754,noflip,1,0,-1,1.6373858221027294e-07,D,D,E
755,fail0,0,1,0,2.964076761813317e-10,A,B,A
756,valid,1,1,4,0.9999962697578991,A,A,E
757,noflip,1,0,-1,1.344059992593246e-08,B,B,A
758,valid,1,1,2,0.9999999960990844,C,C,B
759,valid,1,1,1,0.9999999960466609,A,A,D
760,valid,1,1,4,0.9999250403596224,B,B,D
761,valid,1,1,4,0.9999962673831102,B,B,E
762,valid,1,1,4,0.9999977389000008,B,B,A
763,valid,1,1,4,0.9995694419336864,C,C,B
764,valid,1,1,1,0.9999982389388534,E,E,D
765,valid,1,1,1,0.9999999991125226,E,E,C
766,valid,1,1,1,0.9999998867249184,D,D,C
767,valid,1,1,4,0.9999991679679349,D,D,B
768,valid,1,1,1,0.9999996057579631,C,C,A
769,valid,1,1,4,0.9980731009616218,E,E,D
770,valid,1,1,4,0.9999869922965806,B,B,A
771,valid,1,1,4,0.999738797397347,E,E,D
772,valid,1,1,1,0.9999999989091898,B,B,C
773,noflip,1,0,-1,3.849461772077516e-09,B,B,C
774,valid,1,1,4,0.9999999799197661,D,D,B
775,valid,1,1,4,0.9997965556771615,B,B,E
776,valid,1,1,4,0.999986972682782,D,D,E
777,valid,1,1,4,0.9998766023994274,B,B,A
778,noflip,1,0,-1,1.855399028746347e-07,E,E,D
779,valid,1,1,4,0.9984988171555944,E,E,A
780,valid,1,1,4,0.9999852320115337,E,E,D
781,valid,1,1,4,0.9997965548384996,D,D,C
782,valid,1,1,1,0.9999996935623968,D,D,B
783,valid,1,1,4,0.9999999986314777,E,E,C
784,valid,1,1,4,0.9998765537642157,C,C,E
785,valid,1,1,3,0.9999999794844093,D,D,E
786,noflip,1,0,-1,8.151772569633183e-09,D,D,C
787,valid,1,1,1,0.99999988587455,B,B,C
788,valid,1,1,1,0.9999999994871693,B,B,A
789,valid,1,1,1,0.9999999799143059,B,B,C
790,valid,1,1,4,0.9999869890574024,D,D,C
791,valid,1,1,1,0.999999996500508,A,A,D
792,valid,1,1,1,0.9999999460640964,C,C,D
793,valid,1,1,4,0.9999417081099817,B,B,E
794,valid,1,1,1,0.9999999994682681,D,D,E
795,valid,1,1,1,0.9999996933830829,A,A,E
796,fail0,0,1,1,0.9999999988565342,B,E,C
797,valid,1,1,4,0.9999785521762948,D,D,A
798,fail0,0,1,4,0.9999997672911682,E,D,C
799,valid,1,1,4,0.9999999964946158,B,B,A
800,noflip,1,0,-1,2.83331312472259e-08,E,E,C
801,valid,1,1,4,0.9994472174239604,E,E,B
802,valid,1,1,1,0.9999832979340726,E,E,A
803,valid,1,1,1,0.9999994942845029,C,C,D
804,valid,1,1,4,0.9890130078493005,C,C,A
805,valid,1,1,1,0.9999999989853391,A,A,D
806,valid,1,1,4,0.9988304673263445,E,E,C
807,valid,1,1,1,0.9999999982443889,E,E,A
808,valid,1,1,1,0.9999999994997688,C,C,A
809,valid,1,1,1,0.9999999986098612,C,C,B
810,valid,1,1,1,0.9999999991489766,E,E,C
811,valid,1,1,4,0.9999038954281647,E,E,B
812,valid,1,1,3,0.9999999990292251,A,A,D
813,valid,1,1,1,0.999999999458105,E,E,C
814,fail0,0,1,4,0.9999545420147133,C,B,E
815,valid,1,1,4,0.999876592771277,A,A,D
816,valid,1,1,1,0.9999999993680335,B,B,A
817,valid,1,1,4,0.9996646189044013,C,C,A
818,valid,1,1,4,0.9999832965786988,A,A,D
