setting,n,n11,n00,n01_rescue,n10_harm,mcnemar_p,delta_acc_pp,boot_ci95_lo,boot_ci95_hi,boot_mean,base_acc,interv_acc
MMLU ID ANCHOR canonical (joint Baseline),40,2,11,27,0,1.4901161193847656e-08,67.5,52.5,82.5,67.54175,5.0,72.5
MMLU ID ANCHOR vs frozen REF Baseline,40,2,10,27,1,2.1606683731079102e-07,65.0,47.5,80.0,64.9855,7.5,72.5
MMLU ID ANCHOR frozen-TRIWIN protocol,40,2,12,25,1,8.046627044677734e-07,60.00000000000001,42.5,75.0,59.86225,7.5,67.5
MMLU ID system-prompt vs frozen REF,40,2,26,11,1,0.00634765625,25.0,10.0,40.0,25.03575,7.5,32.5
MMLU ID single-layer L20 CAA vs frozen REF,40,0,30,7,3,0.34375,10.0,-5.0,25.0,10.02825,7.5,17.5
CSQA OOD ANCHOR canonical,300,7,110,181,2,2.746663783192279e-51,59.66666666666667,53.99999999999999,65.33333333333333,59.6417,3.0,62.66666666666667
CSQA OOD extract-size |E|=30 (exploratory),300,8,124,167,1,9.033944720111621e-49,55.333333333333336,49.666666666666664,61.0,55.3912,3.0,58.333333333333336
CSQA OOD extract-size |E|=40 (exploratory),300,7,110,181,2,2.746663783192279e-51,59.66666666666667,53.99999999999999,65.33333333333333,59.659733333333335,3.0,62.66666666666667
CSQA OOD extract-size |E|=60 (exploratory),300,7,144,147,2,3.132182327458831e-41,48.33333333333333,42.333333333333336,54.0,48.28143333333334,3.0,51.33333333333333
CSQA OOD extract-size |E|=80 (exploratory),300,6,183,108,3,1.7566946283140407e-28,35.0,29.666666666666664,40.666666666666664,35.01926666666667,3.0,38.0
